<?xml version="1.0" encoding="UTF-8"?>
<!DOCTYPE properties SYSTEM "http://java.sun.com/dtd/properties.dtd">
<properties>
<entry key="mypass">MyPassword123!</entry>
<entry key="tokenrestassured">eyJhbGciOiJIUzI1NiJ9.eyJyb2xlcyI6WyJST0xFX1VTRVIiXSwic3ViIjoibXltZWdhbWFpbEBtYWlsLmNvbSIsImlzcyI6IlJlZ3VsYWl0IiwiZXhwIjoxNzI2NTQ1Mjc2LCJpYXQiOjE3MjU5NDUyNzZ9.q_xLA4SiOFJdD3lARyySwF50OSLe1w9s1ZkSngPk1s4</entry>
<entry key="myuser">mymegamail@mail.com</entry>
<entry key="token">eyJhbGciOiJIUzI1NiJ9.eyJyb2xlcyI6WyJST0xFX1VTRVIiXSwic3ViIjoibXltZWdhbWFpbEBtYWlsLmNvbSIsImlzcyI6IlJlZ3VsYWl0IiwiZXhwIjoxNzI2NTQ1Mzg1LCJpYXQiOjE3MjU5NDUzODV9.1yxVJPEdifLRLq_3uS1T3pHC4yEmkN2yW-BxWF2MiGs</entry>
</properties>
